name,gender
Abigail,Girl
Adam,Boy
Addison,Girl
Adeline,Girl
Aiden,Boy
Alexander,Boy
Ali,Boy
Alice,Girl
Amara,Girl
Amelia,Girl
Amira,Girl
Anastasia,Girl
Andrew,Boy
Anna,Girl
Anthony,Boy
Archer,Boy
Aria,Girl
Arjan,Boy
Arlo,Boy
Arthur,Boy
Arya,Girl
Asees,Girl
Asher,Boy
Aspen,Girl
Athena,Girl
Atlas,Boy
Aubrey,Girl
Audrey,Girl
August,Boy
Aurora,Girl
Austin,Boy
Autumn,Girl
Ava,Girl
Avery,Boy
Avery,Girl
Ayla,Girl
Beau,Boy
Beckett,Boy
Bella,Girl
Benjamin,Boy
Bennett,Boy
Blake,Girl
Brielle,Girl
Brooklyn,Girl
Brooks,Boy
Caleb,Boy
Callum,Boy
Carson,Boy
Carter,Boy
Charles,Boy
Charlie,Boy
Charlie,Girl
Charlotte,Girl
Chloe,Girl
Claire,Girl
Clara,Girl
Connor,Boy
Cooper,Boy
Daniel,Boy
David,Boy
Dawson,Boy
Declan,Boy
Dominic,Boy
Eden,Girl
Eleanor,Girl
Elena,Girl
Eli,Boy
Eliana,Girl
Elias,Boy
Elijah,Boy
Elizabeth,Girl
Ella,Girl
Ellie,Girl
Elliot,Boy
Eloise,Girl
Elora,Girl
Ember,Girl
Emery,Girl
Emilia,Girl
Emily,Girl
Emma,Girl
Emmett,Boy
Ethan,Boy
Eva,Girl
Evan,Boy
Evelyn,Girl
Everett,Boy
Everleigh,Girl
Everly,Girl
Ezekiel,Boy
Ezra,Boy
Fatima,Girl
Felix,Boy
Finley,Boy
Finn,Boy
Freya,Girl
Gabriel,Boy
Gabriella,Girl
George,Boy
Georgia,Girl
Gianna,Girl
Grace,Girl
Grayson,Boy
Greyson,Boy
Hadley,Girl
Hailey,Girl
Hannah,Girl
Harlow,Girl
Harper,Girl
Harrison,Boy
Hayden,Boy
Hazel,Girl
Henry,Boy
Hudson,Boy
Hunter,Boy
Ibrahim,Boy
Iris,Girl
Isaac,Boy
Isabella,Girl
Isabelle,Girl
Isaiah,Boy
Isla,Girl
Ivy,Girl
Jace,Boy
Jack,Boy
Jackson,Boy
Jacob,Boy
Jade,Girl
James,Boy
Jasmine,Girl
Jasper,Boy
Jaxon,Boy
Jayden,Boy
Jind,Girl
John,Boy
Joseph,Boy
Josephine,Girl
Joshua,Boy
Jude,Boy
Julia,Girl
Kai,Boy
Kaia,Girl
Kiara,Girl
Kinsley,Girl
Lainey,Girl
Layla,Girl
Leah,Girl
Lennon,Girl
Leo,Boy
Leon,Boy
Levi,Boy
Liam,Boy
Lillian,Girl
Lily,Girl
Lincoln,Boy
Logan,Boy
Luca,Boy
Lucas,Boy
Lucy,Girl
Luka,Boy
Luke,Boy
Luna,Girl
Lydia,Girl
Lyla,Girl
Mackenzie,Girl
Madeline,Girl
Madelyn,Girl
Madison,Girl
Maeve,Girl
Marcus,Boy
Maria,Girl
Maryam,Girl
Mason,Boy
Mateo,Boy
Matteo,Boy
Matthew,Boy
Maverick,Boy
Max,Boy
Maya,Girl
Mia,Girl
Micah,Boy
Michael,Boy
Mila,Girl
Miles,Boy
Millie,Girl
Milo,Boy
Mira,Girl
Mohamed,Boy
Muhammad,Boy
Myla,Girl
Myles,Boy
Naomi,Girl
Nash,Boy
Natalie,Girl
Nathan,Boy
Nicholas,Boy
Noah,Boy
Nolan,Boy
Nora,Girl
Nova,Girl
Oaklynn,Girl
Olive,Girl
Oliver,Boy
Olivia,Girl
Omar,Boy
Ophelia,Girl
Owen,Boy
Paisley,Girl
Parker,Boy
Parker,Girl
Penelope,Girl
Peyton,Girl
Piper,Girl
Quinn,Girl
Rehmat,Girl
Rhett,Boy
Riley,Girl
Roman,Boy
Rose,Girl
Rowan,Boy
Ruby,Girl
Ryan,Boy
Ryker,Boy
Rylee,Girl
Sadie,Girl
Samuel,Boy
Sarah,Girl
Sawyer,Boy
Sawyer,Girl
Scarlett,Girl
Scottie,Girl
Sebastian,Boy
Silas,Boy
Sloane,Girl
Sofia,Girl
Sophia,Girl
Sophie,Girl
Stella,Girl
Summer,Girl
Theo,Boy
Theodore,Boy
Thomas,Boy
Victoria,Girl
Violet,Girl
Walker,Boy
Wesley,Boy
Weston,Boy
William,Boy
Willow,Girl
Wren,Girl
Wyatt,Boy
Xavier,Boy
Zachary,Boy
Zayn,Boy
Zion,Boy
Zoe,Girl
Zoey,Girl
Zorawar,Boy